20294	clientscript	cape_customizer_init
20567	proc	cape_customizer_preset_setcolor	int,int,int
20565	proc	cape_customizer_part_setcolor	int,int
20331	clientscript	cape_customizer_colorpicker_cancel	component
20295	proc	cape_customizer_setup_colorswatch	component,string,int
20350	clientscript	cape_customizer_modal_onop	int,string,string
20334	proc	cape_customizer_preset_rebuild	component,int
20333	proc	cape_customizer_main_create_rect	component,int,int,int,int,int
20328	clientscript	cape_customizer_colorpicker_save_selection	component
20558	clientscript	cape_customizer_open_hsl	string
20087	proc	modal_start_fadebg	int,component
20561	clientscript	meslayer_color_onkey	int,char,string,component,component,int,int,struct,component,int,int,int,int
20336	proc	cape_customizer_popup_create	int,string,string
20556	clientscript	cape_customizer_random_onop
20566	clientscript	cape_customizer_save_preset	int
20338	clientscript	cape_customizer_load_preset	int
20550	proc	hsb_to_rgb	int,int,int
20312	clientscript	cape_customizer_colorpicker_onselect	int,component,int,component,int,component,int,int,struct,component,int,int,int,int
20551	proc	make_rgb_color	int,int,int,int,int
20563	proc	meslayer_color_parse	int,string,component,component,int,int,struct,component,int,int,int,int
20303	clientscript	modal_resetbg	component
20316	proc	cape_customizer_main_rebuild
20554	clientscript	color_picker_slider_interact	component,component,int,int
20337	proc	cape_customizer_open_modal	string,int,int,int,component
20560	proc	meslayer_color_show_input	string,int,component,component,int,int,struct,component,int,int,int,int
20562	proc	meslayer_color_keypress	component,component,int,int,struct,component,int,int,int,int
20085	clientscript	cape_customizer_part_onop	string,int
20552	proc	color_picker_sv_init	component
20296	proc	cape_customizer_open_colorpicker	string,int
20088	clientscript	modal_fadebg	int,int,int,component
20549	clientscript	color_picker_init	component,component
20564	proc	meslayer_color_update	component,int,component,int,int,struct,component,int,int,int,int
20310	proc	cape_customizer_part_getcolor	int
20335	proc	cape_customizer_preset_getcolor	int,int
20553	proc	color_picker_h_init	component
20557	proc	cape_customizer_close_popup	component
20555	clientscript	color_picker_box_interact	component,component,component,int,int
20559	clientscript	meslayer_input_color	int,component,component,int,int,struct,component,int,int,int,int
22424	clientscript	stonebutton_init	component,graphic,flags,string
22425	proc	stonebutton_init	string,component,graphic,flags
22426	clientscript	script2426	boolean,text,component,graphic,flags
22427	clientscript	script2427	clock,text,component,graphic,flags
22428	proc	stonebutton_draw	boolean,text,graphic,flags,component
22429	clientscript	stonebutton_draw	boolean,graphic,flags,component,text
20568	clientscript	cape_customizer_var_update
20341	clientscript	script20341	int,string,component,fontmetrics
20340	proc	script20340	int,string,component,fontmetrics
20342	clientscript	script20342	int,string,component,fontmetrics
20339	clientscript	script20339	string,component,fontmetrics
20569	clientscript	cape_customizer_picker_select	int,string,int
20570	clientscript	cape_customizer_popup_onclose	component
20571	clientscript	cape_customizer_apply_preset	int,int
20572	clientscript	cape_customizer_confirm_hsb
20600	proc	rgb_to_hsl	int,int,int
20601	proc	packed_rgb_to_hsl	int
20602	proc	hsb_to_hsl	int,int,int
20603	proc	hsl_to_hsl16	int,int,int
20604	proc	shl	int,int
20605	proc	shr	int,int
20606	proc	cape_customizer_default_colour	int
